{
    "environment": {
        "Development": "https://pub-api-dev.cdtk.geogc.ca/api",
        "Staging": "https://pub-api-stage.cdtk.geogc.ca/api",
        "Localhost:5031": "http://localhost:5031/api"
    },
    "oauth2_params": {
        "client_id": "52351f2f-3f80-4b34-b61a-31711450dc64",
        "host": "localhost",
        "port": 6035,
        "authorization_url": "https://login.microsoftonline.com/05c95b33-90ca-49d5-b644-288b930b912b/oauth2/v2.0/authorize",
        "scope": "openid profile email",
        "token_url_azure": "https://login.microsoftonline.com/05c95b33-90ca-49d5-b644-288b930b912b/oauth2/v2.0/token",
        "token_url": {
            "Development": "https://pub-api-dev.cdtk.geogc.ca/api/token",
             "Staging": "https://pub-api-stage.cdtk.geogc.ca/api/token",
            "Localhost:5031": "http://localhost:5031/api/token"
        }
    }
}