<?xml version="1.0"?>
<plugins>
    <pyqgis_plugin name="DDR Processing" version="1.0.8">
        <description>This plugin allows to publish, unpublish, edit and validate a collection with the DDR.</description>
         <homepage>
              <![CDATA[https://github.com/federal-geospatial-platform/pub_ddr_processing]]>
            </homepage>
        <qgis_minimum_version>3.22.0</qgis_minimum_version>
        <qgis_maximum_version>3.28.99</qgis_maximum_version>
        <file_name>pub_ddr_processing.zip</file_name>
        <icon>https:/federal-geospatial-platform.github.io/Plugin_Repository/logo_pub_ddr_publication.png</icon>
        <author_name>Daniel Pilon</author_name>
        <create_date>2023-03-01</create_date>
        <update_date>2023-08-04</update_date>
        <experimental>False</experimental>
        <deprecated>False</deprecated>
        <download_url>https://federal-geospatial-platform.github.io/Plugin_Repository/pub_ddr_processing.zip</download_url>
        <repository>https://github.com/federal-geospatial-platform/pub_ddr_processing</repository>
        <tags><![CDATA[ddr,publication,FGP,Federal Geospatal Platform, publish, unpublish, edit, vector, raster]]></tags>
    </pyqgis_plugin>
</plugins>
